Group,Pocket,Ligand,Actual,Initial,Model 0,Model 1,Model 2,Model 3,Model 4,Model 5,Model 6,Model 7,Model 8,Model 9
0,rNaV1.5 C374Y,TTX,9.187086642999999,5.871750831604004,7.683469772338867,8.277544975280762,8.197816848754883,8.259801864624023,8.270515441894531,8.163559913635254,8.416666030883789,8.184707641601562,8.410609245300293,8.103887557983398
0,rNaV1.4 D1241I,STX,7.501689446,6.411539077758789,8.054862976074219,8.069031715393066,7.977930068969727,7.873216152191162,8.050731658935547,7.995877265930176,7.801401615142822,7.905060291290283,7.736204147338867,7.7731218338012695
0,rNaV1.4 D1241A,STX.N21.2,7.93930216,5.794642448425293,7.5161848068237305,8.075841903686523,7.935338497161865,8.102514266967773,8.190677642822266,7.774406909942627,8.066242218017578,7.950659275054932,7.953770160675049,7.855446815490723
0,rNaV1.4 W756A,STX,7.66756154,5.591631889343262,7.4893059730529785,8.020183563232422,7.8444743156433105,7.782115459442139,7.806402206420898,7.728682518005371,7.79129695892334,7.711203098297119,7.750619411468506,7.801656723022461
0,rNaV1.4 M1240N,STX,8.15490196,5.641963005065918,7.776335716247559,7.799454689025879,7.831384181976318,7.5958147048950195,7.855248928070068,7.668853282928467,7.6549506187438965,7.684999465942383,7.764277458190918,7.670434951782227
0,rNaV1.4 M1240A/D1241A,STX.C10.1,5.273435784,6.166293144226074,6.210161209106445,6.2088541984558105,6.207651615142822,5.961962699890137,6.197412014007568,5.996324062347412,6.007138729095459,5.9661478996276855,6.155730724334717,6.324705600738525
0,rNaV1.4,STX.N21.25,7.638272164,6.341303825378418,7.562109470367432,7.696202278137207,7.653970718383789,7.628100872039795,7.668205261230469,7.616165637969971,7.767381191253662,7.662516117095947,7.697123050689697,7.708296298980713
0,rNaV1.4,STX.N21.2,8.647817482,6.200736045837402,6.412933826446533,7.673374176025391,7.620779037475586,7.825986862182617,7.9441752433776855,7.63748836517334,7.407589435577393,7.5855393409729,8.129366874694824,7.160175800323486
0,rNaV1.4 D1241N,STX.C13.2,7.122053048,5.819266319274902,7.227160453796387,7.219305515289307,7.243785858154297,7.157480716705322,7.394972324371338,7.181168079376221,7.202070713043213,7.25977087020874,7.138246059417725,7.330159664154053
0,rNaV1.2,STX.N21.13,7.920818754,6.207344055175781,7.90039587020874,8.00118637084961,7.987626075744629,7.944807529449463,7.978601455688477,7.9297285079956055,7.885003566741943,7.955691337585449,7.935525894165039,7.9054718017578125
0,rNaV1.4 L1534A,STX.C10.1,6.901356273999999,5.899691581726074,6.714929580688477,6.733180999755859,6.6842122077941895,6.6770806312561035,6.74140739440918,6.719228267669678,6.753025054931641,6.923305034637451,6.7017388343811035,6.789542198181152
0,rNaV1.2,STX.N21.12,7.721246399,5.823883056640625,7.8202643394470215,7.700726509094238,7.691736221313477,7.645538806915283,7.6859917640686035,7.643433094024658,7.650166034698486,7.710587978363037,7.679924488067627,7.6958160400390625
0,rNaV1.4 K1237A,STX,5.898665427,6.206197738647461,4.8568902015686035,5.8906660079956055,5.807762622833252,5.6845502853393555,5.832010746002197,5.766301155090332,5.791140079498291,5.789313316345215,5.841337203979492,5.6119890213012695
0,hNaV1.5,STX.N21.14,6.764471553,6.235247611999512,7.649834632873535,7.001084804534912,6.91864538192749,6.941671371459961,6.9990434646606445,6.921041965484619,7.121260643005371,6.943526744842529,6.928436756134033,6.953759670257568
0,rNaV1.4 W1239A,STX.N21.2,5.466227942000001,5.813226699829102,5.615227222442627,5.379308223724365,5.330225944519043,5.357516765594482,5.358222007751465,5.265098571777344,5.4673943519592285,5.376784324645996,5.3806562423706055,5.4675211906433105
0,rNaV1.4,STX.C11.1,5.9469215570000005,6.090151786804199,1.5868452787399292,5.9607157707214355,5.940109729766846,5.9268879890441895,5.958876132965088,5.954422473907471,5.957988739013672,5.949225902557373,5.959669589996338,5.949550628662109
0,rNaV1.2,STX.N21.21,7.552841969,5.796047210693359,7.882046699523926,7.610888957977295,7.615164279937744,7.591402530670166,7.610119342803955,7.636027812957764,7.559837341308594,7.540647506713867,7.60899543762207,7.674924850463867
0,rNaV1.4,STX.N21.35,7.408935392999999,5.724001884460449,7.984882354736328,7.697633743286133,7.681544780731201,7.719780921936035,7.700273036956787,7.908426284790039,8.03654670715332,7.893345832824707,7.926774978637695,7.794168472290039
0,rNaV1.4 M1240T,STX.C13.1,6.919012952999999,5.665473937988281,6.691554546356201,6.752589225769043,6.758208751678467,6.570794582366943,6.661190509796143,6.645055770874023,6.770445823669434,6.803231239318848,6.9480109214782715,6.723282814025879
0,rNaV1.4 W1239A,STX.N21.1,5.826376742000001,5.729196548461914,6.299519062042236,5.853363037109375,6.138646602630615,5.887700080871582,5.9244279861450195,6.02400541305542,6.0630598068237305,5.644784927368164,5.869418621063232,5.891869068145752
0,rNaV1.4,STX.N21.6,8.022276395,5.767382621765137,7.399958610534668,8.074226379394531,8.082889556884766,7.990605354309082,8.036479949951172,7.963117599487305,7.931646347045898,8.023850440979004,8.061491012573242,8.022461891174316
0,rNaV1.4 W1239A,STX.N9.1,4.602059991,5.82319450378418,4.062599182128906,4.668058395385742,4.507993698120117,4.7638163566589355,4.617049217224121,4.459259033203125,4.433141708374023,4.610719203948975,4.655216217041016,4.5874481201171875
0,rNaV1.4 W756A,STX.N21.2,7.709965389,5.984905242919922,7.951924800872803,7.814258098602295,7.865984916687012,7.681828022003174,7.842581748962402,7.7851948738098145,7.751265048980713,7.715022087097168,7.630046367645264,7.77444314956665
0,rNaV1.4 Y401A,STX.C13.1,5.821166882999999,5.717486381530762,4.144949436187744,5.046239376068115,4.932482719421387,4.7578887939453125,5.0063629150390625,5.173634052276611,5.093437194824219,5.080362319946289,4.972017765045166,5.235644817352295
0,hNaV1.7 T1398M/I1399D,STX,8.93930216,5.637063980102539,8.307838439941406,8.471794128417969,8.23348617553711,8.16494369506836,8.344003677368164,8.263665199279785,8.051435470581055,8.138718605041504,8.215127944946289,8.114606857299805
1,rNaV1.4 L1534A,STX.C13.2,7.263603497999999,5.648189544677734,7.1772966384887695,7.069631576538086,7.073105812072754,7.008250713348389,7.213726043701172,7.040123462677002,6.940109729766846,7.017199993133545,6.916362285614014,7.075282573699951
1,rNaV1.4 D1241T,STX,7.619788757999999,5.913455009460449,7.99129581451416,7.770344257354736,8.04815673828125,7.81650972366333,7.853635787963867,7.907169342041016,7.7995405197143555,7.942845344543457,7.809895038604736,7.7117438316345215
1,rNaV1.2,STX.N21.10,6.891096872,5.800320625305176,6.910743236541748,7.48211145401001,6.942189693450928,6.894791126251221,6.895398139953613,6.8579020500183105,6.921783924102783,6.835175514221191,6.899250030517578,6.9138054847717285
1,rNaV1.4 E403D/M1240T/D1241I,STX.C13.2,5.809388202,5.860713005065918,5.60564661026001,4.692410469055176,5.653104305267334,5.684531211853027,5.734328269958496,5.70184326171875,5.606273174285889,5.099295139312744,5.1781511306762695,5.415858745574951
1,rNaV1.4 D1532N,TTX,6.43456543,5.81185245513916,7.252290725708008,8.921202659606934,6.771707534790039,6.835642337799072,6.833169460296631,6.594189167022705,6.788224697113037,6.7414231300354,6.747417449951172,6.882866382598877
1,rNaV1.4 E403D,STX.C10.1.C13.2,4.842392147,5.741283416748047,5.303299427032471,6.880744934082031,5.247074127197266,5.5526018142700195,5.363930702209473,5.326000690460205,5.476329803466797,5.3699469566345215,5.480838775634766,5.644372463226318
1,rNaV1.2,STX.N21.16,7.48148606,5.7535858154296875,7.220983028411865,6.491447925567627,7.2570624351501465,7.296431541442871,7.430517196655273,7.422318935394287,7.161839962005615,7.334872722625732,7.249182224273682,7.1014909744262695
1,rNaV1.4 D400A,TTX,5.842724604,5.861205101013184,6.5401835441589355,7.141574859619141,6.463762283325195,6.186188220977783,6.300875186920166,6.373386383056641,6.080626487731934,6.422153472900391,6.701287269592285,6.428317070007324
1,rNaV1.4,STX,8.838631998,5.763404846191406,7.087002277374268,6.793665409088135,6.906438827514648,6.797632694244385,7.072503566741943,6.805756568908691,6.885438442230225,6.944684982299805,6.868088245391846,6.927576065063477
1,hNaV1.5,ZTX,9.853871964,5.600335121154785,9.78013801574707,9.268535614013672,9.775341033935547,9.74310302734375,9.727287292480469,9.73928451538086,8.87487506866455,9.776588439941406,9.698450088500977,9.653573989868164
1,rNaV1.4 M1240T/D1241A,STX.C13.2,7.105130343,5.9873504638671875,6.775618076324463,6.754704475402832,6.718856334686279,6.827095031738281,6.945480823516846,6.662546634674072,6.7528977394104,7.0144734382629395,6.859123229980469,6.762458324432373
1,rNaV1.4 E403Q,TTX,4.412799378,5.763919830322266,5.138162612915039,6.951533794403076,5.153433799743652,4.9437761306762695,4.987360000610352,4.972323894500732,4.875645637512207,5.223590850830078,5.358198165893555,5.268254280090332
1,rNaV1.4 E403D,STX.N9.1,4.602059991,6.046247482299805,4.691011428833008,6.461512565612793,5.159600257873535,5.248763084411621,5.607233047485352,5.13871431350708,5.756026268005371,5.178069114685059,5.276188850402832,5.428784370422363
1,rNaV1.4,STX.C11.4,4.782516056,5.645647048950195,6.086544513702393,6.594670295715332,6.509000301361084,6.135809898376465,6.426082611083984,6.319244861602783,6.387333869934082,6.3244476318359375,6.162796497344971,6.452343463897705
1,rNaV1.5,TTX,6.32330639,5.884836196899414,6.121072769165039,4.892821311950684,5.701301574707031,6.075720310211182,6.296169757843018,6.095183849334717,6.053466796875,5.8227105140686035,5.839402675628662,5.865165710449219
1,rNaV1.2,ZTX,10.48811664,5.755475044250488,10.514228820800781,8.776763916015625,10.504026412963867,10.491338729858398,10.546001434326172,10.50928783416748,10.486780166625977,10.503722190856934,10.500642776489258,10.513175964355469
1,rNaV1.4 E758D,STX.N21.1,5.548367053,6.060908317565918,5.268637657165527,5.983205795288086,5.576836585998535,5.546596527099609,5.782481670379639,5.528765678405762,5.630286693572998,5.425842761993408,5.438060283660889,5.5344038009643555
1,rNaV1.4 M1240A,STX.C13.2,6.7044329,5.957548141479492,7.057008266448975,6.845119953155518,6.836960315704346,6.836397647857666,7.0942254066467285,6.717274188995361,6.822988033294678,6.985127925872803,6.814085006713867,6.7114996910095215
1,rNaV1.4 E758Q,STX,4.390083457,5.918906211853027,7.803366184234619,8.092601776123047,7.6800994873046875,7.583790302276611,7.845829010009766,7.646716117858887,7.470940589904785,7.61986780166626,7.451948165893555,7.423264503479004
1,rNaV1.4,STX.C11.3.N21.30,6.3010299960000005,6.475163459777832,6.730289936065674,7.228404998779297,6.517050266265869,6.795027732849121,6.811784267425537,6.307887554168701,6.916385173797607,6.752566337585449,6.570638179779053,6.686126708984375
1,rNaV1.4 D1241T,STX.C13.1,6.933674075,5.761699676513672,7.388579368591309,7.484775066375732,7.382730007171631,7.340948581695557,7.354675769805908,7.175013542175293,7.2002339363098145,7.336350917816162,7.430541038513184,7.3226141929626465
1,rNaV1.4,STX.N7.1,6.732828272000001,5.694425582885742,6.068327903747559,5.519459247589111,6.033243179321289,6.09623908996582,6.232811450958252,6.13195276260376,6.0140910148620605,6.095205307006836,6.194271087646484,6.360528469085693
1,rNaV1.4 I757A,STX.N21.1,8.501689446,5.969840049743652,8.13715648651123,7.5611348152160645,8.280035018920898,8.02287483215332,8.06006908416748,8.140229225158691,8.086810111999512,8.002652168273926,8.310763359069824,8.030769348144531
1,rNaV1.4,STX.N21.5,7.1706962270000005,5.741560935974121,6.827600479125977,6.215365409851074,6.71038818359375,6.53838586807251,6.664148807525635,6.704843521118164,7.0117363929748535,6.760087966918945,6.942906379699707,6.9776291847229
1,rNaV1.4 M1240S,STX,7.0409586079999995,5.7040205001831055,7.3751749992370605,7.264131546020508,7.533912658691406,7.101400375366211,7.281829357147217,7.0037617683410645,6.9950361251831055,7.106639862060547,7.306455135345459,7.021210670471191
2,rNaV1.4 M1240K,STX,4.3279982519999995,6.119358062744141,6.886490821838379,6.917248725891113,7.468984127044678,6.877635478973389,7.02236795425415,6.771924018859863,6.7615485191345215,6.894626617431641,7.026619911193848,6.841400146484375
2,rNaV1.4 D1241T,STX.C13.2,6.89279003,5.792993545532227,7.170793533325195,7.254249572753906,7.106074333190918,7.232905864715576,7.320960521697998,7.067211151123047,7.02309513092041,7.1464457511901855,7.061873435974121,7.250108242034912
2,rNaV1.4 E758D,STX.C13.1,4.602059991,5.957671165466309,4.992277145385742,4.871152400970459,6.409824848175049,5.013440132141113,5.006681442260742,4.857644557952881,5.267596244812012,5.122217178344727,5.121750831604004,5.338117599487305
2,rNaV1.4 M1240A,STX.N21.2,7.408935392999999,5.748387336730957,7.166409492492676,7.046718120574951,7.311404705047607,6.976986408233643,7.112996578216553,7.094799518585205,7.0324273109436035,7.146639347076416,7.202880859375,7.04392671585083
2,rNaV1.4 Y401A,STX.N21.1,6.462180905,6.167268753051758,6.557258129119873,6.645236015319824,6.359402656555176,6.538437366485596,6.52358865737915,6.486854076385498,6.533657550811768,6.5155415534973145,6.600238800048828,6.61787748336792
2,rNaV1.4,STX.C10.1,6.968591536,5.977460861206055,6.477016925811768,6.495376110076904,6.1926350593566895,6.476065158843994,6.517991065979004,6.465703010559082,6.447774410247803,6.719967365264893,6.523008346557617,6.4965033531188965
2,rNaV1.4,GTX.3.2,5.381951902999999,5.749002456665039,6.128814220428467,6.478216648101807,8.742844581604004,6.451705455780029,6.548537731170654,6.302274227142334,6.9022440910339355,6.563384532928467,6.178802013397217,6.47336483001709
2,hNaV1.7 T1398M/I1399D,GTX.3,7.958607315,5.776287078857422,7.380924224853516,7.769107818603516,7.671317100524902,7.637670993804932,7.7416558265686035,7.516608715057373,7.546238422393799,7.608530044555664,7.796992301940918,7.643650054931641
2,rNaV1.4 D1241I,GTX.3,7.721246399,5.8817033767700195,7.676910400390625,7.982735633850098,9.122196197509766,7.802745819091797,7.9557318687438965,7.919548511505127,8.012300491333008,8.089713096618652,7.865360260009766,8.127616882324219
2,rNaV1.4 E755A,STX,4.600364346,5.652379989624023,4.499953269958496,4.750185489654541,7.321274757385254,4.688667297363281,4.750354766845703,4.576333999633789,4.799270153045654,4.668043613433838,4.707455635070801,4.698465347290039
2,rNaV1.4 M1240T/D1241I,STX.C13.4,8.387216143,6.279203414916992,8.184239387512207,8.198047637939453,7.6077165603637695,8.292612075805664,8.428789138793945,8.216072082519531,8.148321151733398,8.104727745056152,8.269184112548828,8.057868957519531
2,rNaV1.4 L1534A,STX.N7.1,6.407268234,5.855579376220703,6.326297760009766,5.98246955871582,5.823075294494629,6.120893478393555,6.287365913391113,6.149466037750244,6.057938098907471,6.196581840515137,6.221466541290283,6.178476810455322
2,rNaV1.4 M1240N,STX.C13.1,6.57105571,6.034695625305176,6.520281791687012,6.71694278717041,6.8616042137146,6.764842987060547,6.833518028259277,6.714849472045898,6.496661186218262,6.70495080947876,7.002167224884033,6.548830509185791
2,rNaV1.4 D1241A,STX.N21.1,7.9788107010000004,6.17148494720459,8.43391227722168,8.318185806274414,8.874401092529297,8.590719223022461,8.569112777709961,8.699889183044434,8.590154647827148,8.53946304321289,8.529027938842773,8.623064041137695
2,rNaV1.4 E403D/M1240T/D1241I,STX,4.756465898,5.880425453186035,5.299881935119629,5.135396957397461,5.551022529602051,5.314537048339844,5.16215181350708,5.216733932495117,5.049292087554932,5.215165138244629,5.220844268798828,5.178635597229004
2,rNaV1.4 A1245C,STX.N21.3,8.22184875,6.173018455505371,7.649048805236816,7.109288692474365,6.475764751434326,7.444847106933594,7.432121276855469,7.239665985107422,7.678846836090088,7.325582027435303,7.716971397399902,7.409303188323975
2,rNaV1.4 T759C,STX.N21.3,7.838631997999999,6.551745414733887,7.913685321807861,7.691763877868652,6.598265171051025,7.653515338897705,7.726383686065674,7.750718593597412,7.821346759796143,7.737496852874756,7.677821636199951,7.701639652252197
2,rNaV1.4 M1240E,STX,6.006299305,6.27408504486084,6.9103474617004395,6.801275730133057,7.800205230712891,6.85493803024292,6.739032745361328,6.634156227111816,6.977388381958008,6.955526828765869,6.6121439933776855,7.09918212890625
2,rNaV1.4 M1240A/D1241A,STX.N21.2,6.801342912999999,5.779071807861328,7.585102558135986,7.3638997077941895,8.008481979370117,7.429274559020996,7.565182209014893,7.578970909118652,7.630203723907471,7.582728385925293,7.583373546600342,7.606733322143555
2,rNaV1.4 W756A,STX.C13.1,6.353106376,6.251148223876953,6.6485185623168945,6.638269424438477,7.238193511962891,6.557567119598389,6.592501640319824,6.611329555511475,6.819756031036377,6.725574493408203,6.963293552398682,7.147068500518799
2,rNaV1.4 E403D/M1240T/D1241I,STX.C10.1.C13.2,5.138167002,6.221287727355957,5.188798904418945,4.723751068115234,4.845193862915039,5.045842170715332,4.8957061767578125,5.144326686859131,4.73838996887207,4.857787609100342,4.914310455322266,5.0749945640563965
2,rNaV1.4 I757A,STX.C10.1,6.426548177999999,6.052978515625,6.611895561218262,6.552968978881836,6.781460285186768,6.585361480712891,6.617743015289307,6.5835652351379395,6.623222827911377,6.6466875076293945,6.5731282234191895,6.438856601715088
2,rNaV1.4 K1252C,STX.N21.3,7.9788107010000004,5.929186820983887,7.832606315612793,7.99561071395874,8.190134048461914,7.848632335662842,7.949257850646973,7.8728837966918945,7.904124736785889,7.8866753578186035,7.812117099761963,8.264741897583008
2,rNaV1.4 E403D,STX.C13.1,5.484192365,6.068713188171387,4.168303966522217,4.699544906616211,4.2651777267456055,4.452282905578613,4.387638092041016,4.630002975463867,4.538695812225342,4.64970064163208,4.5420823097229,4.801954746246338
2,rNaV1.4 E403D,STX.N21.2,6.713319031,6.131346702575684,6.561401844024658,6.903365135192871,6.287845611572266,6.309918403625488,6.350973129272461,6.618353366851807,6.485953330993652,6.598649501800537,6.139803409576416,6.385340213775635
3,rNaV1.4,STX.N9.1,6.357041121,6.450320243835449,6.188148498535156,6.119574546813965,6.1579461097717285,6.060187816619873,6.341073989868164,6.109138011932373,6.26299524307251,6.232393741607666,6.188942909240723,6.56965970993042
3,rNaV1.4,GTX.3,8.127843727,5.984238624572754,7.901731014251709,7.7518181800842285,8.012331008911133,7.286118030548096,7.794432640075684,7.787701606750488,7.889883518218994,8.111464500427246,7.582763195037842,7.766879558563232
3,hNaV1.7,GTX.3,6.121191068,5.952045440673828,6.433952331542969,6.331373691558838,6.372034549713135,6.8599419593811035,6.317526817321777,6.102592945098877,6.422086715698242,6.294332981109619,6.429099082946777,6.414135456085205
3,hNaV1.7,STX,6.454692884,5.750139236450195,6.8271565437316895,6.705987453460693,6.917995452880859,6.7806572914123535,6.605581283569336,6.607585430145264,6.839669227600098,6.689141273498535,6.61135721206665,6.724149227142334
3,rNaV1.4,STX.N21.24,7.381951902999999,6.026208877563477,7.438849925994873,7.362882137298584,7.272083759307861,6.679624557495117,7.2771315574646,7.296058177947998,7.34758186340332,7.30642032623291,7.090475559234619,7.075953483581543
3,rNaV1.4 M1240A,STX.C10.1,6.209714836,5.929355621337891,6.347204208374023,6.275187969207764,6.308437824249268,6.006345272064209,6.281993865966797,6.1039814949035645,6.040752410888672,6.063963413238525,6.204577445983887,6.363166332244873
3,rNaV1.4 M1240T,STX.C13.2,7.920818754,5.795159339904785,7.189011573791504,7.203313827514648,7.314137935638428,6.612334728240967,7.358616828918457,7.428534030914307,7.300933837890625,7.251611709594727,7.429195404052734,7.391228675842285
3,rNaV1.6,STX.N21.20,6.576754126,6.129057884216309,6.6686248779296875,6.608712673187256,6.59758186340332,6.749084949493408,6.541788101196289,6.551162242889404,6.6282453536987305,6.592220306396484,6.658211708068848,6.657624244689941
3,hNaV1.7,STX.C13.2,8.022276395,5.759964942932129,7.810563087463379,7.757590293884277,7.948668956756592,7.627400875091553,7.9574456214904785,7.745619297027588,7.778373718261719,7.847227096557617,7.693500518798828,7.928005218505859
3,rNaV1.4 W1239A,STX.C13.2,4.982486697,6.004050254821777,4.758939743041992,5.041861534118652,4.8579301834106445,5.412504196166992,4.939565658569336,4.7592973709106445,4.65626335144043,4.932529449462891,4.927987098693848,4.974416732788086
3,rNaV1.2,STX.N21.7,7.200659451,5.762070655822754,7.289463996887207,7.280311107635498,7.294831275939941,7.194153308868408,7.23988151550293,7.2394328117370605,7.293123722076416,7.18091344833374,7.141403675079346,7.253939151763916
3,rNaV1.4 K1237A,TTX,5.261175856,5.7245378494262695,5.188416957855225,5.103394508361816,5.22374153137207,6.065951824188232,5.205409049987793,5.179274559020996,5.185966491699219,5.1741485595703125,5.234722137451172,5.2172017097473145
3,rNaV1.4 M1240T/D1241I,GTX.3,6.2660007129999995,6.171935081481934,6.518941402435303,6.404012680053711,6.412782669067383,6.929529666900635,6.381269931793213,6.154530048370361,6.474668979644775,6.356597900390625,6.473851680755615,6.463103771209717
3,rNaV1.4,STX.C11.3,6.54515514,5.7737627029418945,5.512645721435547,5.744086265563965,5.6886162757873535,5.472377777099609,5.799726963043213,5.542407989501953,5.695992946624756,5.456307888031006,5.380754470825195,5.571410179138184
3,rNaV1.4 M1240I,STX,9.096910012999999,5.670253753662109,7.852573394775391,7.763874053955078,7.610267639160156,7.263017654418945,7.730403423309326,7.490877628326416,7.485867023468018,7.508848190307617,7.6349053382873535,7.4718732833862305
3,rNaV1.4 W1239A,STX.C13.1,5.637894681000001,6.051027297973633,5.41188907623291,5.514900207519531,5.787631511688232,6.0986833572387695,5.581396579742432,5.537310600280762,5.649896621704102,5.4019904136657715,5.5945658683776855,5.645005702972412
3,rNaV1.4 M1240A/D1241A,STX,6.406713933,5.741229057312012,6.80267333984375,6.831485271453857,7.089176654815674,6.813194751739502,6.877497673034668,6.51693868637085,6.67238712310791,6.64847993850708,6.856651306152344,6.608619213104248
3,rNaV1.4,STX.N21.27,7.756961951,5.90488338470459,7.741214752197266,7.753828525543213,7.7649617195129395,7.612310409545898,7.810358047485352,7.762637138366699,7.818243980407715,7.749309539794922,7.78131103515625,7.850269317626953
3,hNaV1.5,STX.N21.25,6.15490196,5.768685340881348,6.050849914550781,6.092191696166992,6.068848609924316,7.236603260040283,6.085215091705322,6.033812522888184,6.097023010253906,6.091516017913818,6.104038238525391,6.111791610717773
3,rNaV1.4,STX.2,5.721246399,6.071714401245117,6.16128396987915,5.983400821685791,6.331296443939209,6.987936973571777,6.0615315437316895,6.274369716644287,6.734406471252441,6.312645435333252,6.344034671783447,6.398123264312744
3,rNaV1.4,STX.C10.1.C13.2,6.22184875,5.7974138259887695,6.528754711151123,6.457971096038818,6.3219194412231445,7.090799808502197,6.416182518005371,6.335561752319336,6.387556076049805,6.223008155822754,6.344877243041992,6.276507377624512
3,rNaV1.4 M1240S,STX.C13.1,6.434742657,5.6884918212890625,6.409846305847168,6.32641077041626,6.2719502449035645,5.899559020996094,6.239295482635498,6.307853698730469,6.519649982452393,6.281814098358154,6.309202671051025,6.369478225708008
3,rNaV1.4,STX.C12.1,3.891096872,6.19746208190918,4.44283390045166,4.737082481384277,4.673287868499756,5.4579949378967285,4.7764177322387695,4.581210136413574,4.618819236755371,4.7655534744262695,4.7890777587890625,4.964992046356201
3,rNaV1.4 M1240A,STX.C13.1,6.474307475,5.798277854919434,6.7455315589904785,6.698808670043945,6.497334957122803,6.239616394042969,6.575759410858154,6.427851676940918,6.445694446563721,6.452638149261475,6.527792453765869,6.333143711090088
3,rNaV1.4 W756A,STX.N21.1,8.070581074,6.112087249755859,7.82983922958374,7.73773193359375,8.034797668457031,7.56891393661499,7.805151462554932,7.906901836395264,7.870929718017578,7.825512409210205,7.991230010986328,8.038496017456055
4,rNaV1.4 D1241E,STX.C13.2,7.3010299960000005,5.783069610595703,7.986098289489746,7.936487197875977,8.280716896057129,7.945385456085205,8.406688690185547,7.941464900970459,7.970546722412109,8.04287338256836,7.822991371154785,7.788991928100586
4,rNaV1.4 D1532N,STX,4.271263234,5.691646575927734,5.849585056304932,6.237619876861572,6.013336658477783,5.76647424697876,6.7056708335876465,5.728392124176025,6.050563335418701,5.946597099304199,5.60280704498291,6.052280426025391
4,rNaV1.4 D1241A,STX.C13.2,6.435926021,5.983908653259277,7.289286136627197,7.367377758026123,7.323361873626709,7.359210014343262,7.5430827140808105,7.223245143890381,7.152874946594238,7.277271747589111,7.297533988952637,7.306698322296143
4,rNaV1.4 Y401C/S,TTX,4.602059991,5.757457733154297,4.985039710998535,4.851252555847168,5.1971235275268555,5.080259323120117,6.279364109039307,5.020193576812744,5.208378314971924,5.1733717918396,5.223482131958008,5.292329788208008
4,hNaV1.6,TTX.C4.1,8.408935393,5.789335250854492,7.967970371246338,8.472121238708496,8.365474700927734,8.305732727050781,5.352731227874756,8.332406044006348,8.35920524597168,8.376593589782715,8.355372428894043,8.361332893371582
4,rNaV1.4 D400A,STX,6.056604423,5.8113908767700195,6.6001105308532715,6.448380947113037,6.400987148284912,6.406157493591309,6.625728607177734,6.229194641113281,6.518321514129639,6.422767639160156,6.420863628387451,6.577438831329346
4,rNaV1.4 M1240T/D1241A,STX.C13.3,5.965171084,5.887321472167969,6.443790912628174,6.270941734313965,6.546093463897705,6.310004711151123,7.290839195251465,6.028949737548828,6.473203182220459,6.309472560882568,6.407321453094482,6.364527225494385
4,rNaV1.4 E403D,STX,6.608183076,5.77866268157959,5.582735061645508,5.51833963394165,5.494325637817383,5.462143898010254,4.996490001678467,5.3414764404296875,5.661798477172852,5.7344183921813965,5.358590126037598,5.520488739013672
4,rNaV1.4,STX.N21.36,6.283996656,5.768218994140625,6.346103668212891,6.322362899780273,6.312839031219482,6.2697649002075195,7.336960315704346,6.324146270751953,6.403359889984131,6.249294757843018,6.292436599731445,6.342617988586426
4,rNaV1.4 I757A,STX.C13.2,6.793174124,5.921555519104004,6.781989574432373,6.82459020614624,6.728512287139893,6.826980113983154,6.854668617248535,6.700560092926025,6.784965515136719,6.71649169921875,6.75349235534668,6.908874988555908
4,rNaV1.4 Y401S,STX,4.9913998280000005,5.9210405349731445,5.0790486335754395,4.991179466247559,4.990581512451172,5.043015956878662,5.087501525878906,4.951253414154053,5.037228584289551,5.159981727600098,5.00407600402832,5.120586395263672
4,rNaV1.4 M1240A,STX.N9.1,5.3185326260000005,6.370965957641602,5.537724018096924,5.24183464050293,5.212266445159912,5.076274394989014,5.401660442352295,5.087705135345459,5.126762866973877,5.127518177032471,5.226881504058838,5.355629920959473
4,rNaV1.4 M1240A,STX.N21.1,7.744727495,5.919864654541016,7.681507587432861,7.524026393890381,7.589048385620117,7.437735080718994,7.39307975769043,7.456915378570557,7.471357822418213,7.523115158081055,7.48820686340332,7.421385288238525
4,rNaV1.4 I757A,STX,8.124938737,6.025951385498047,7.389444351196289,7.558155536651611,7.333872318267822,7.370962619781494,7.420278072357178,7.356133460998535,7.382469177246094,7.38425350189209,7.2819414138793945,7.231555461883545
4,rNaV1.4,STX.N21.29,7.366531544,5.7265625,7.450789451599121,7.53774881362915,7.485301971435547,7.4708685874938965,8.078286170959473,7.498738765716553,7.505680561065674,7.436522483825684,7.411336898803711,7.509271144866943
4,rNaV1.4,STX.N21.33,7.361510742999999,5.906497001647949,7.365556716918945,7.3301897048950195,7.321859359741211,7.330947399139404,6.491339683532715,7.284952640533447,7.258091926574707,7.28889274597168,7.325231552124023,7.248124122619629
4,rNaV1.4 D1241A,STX.N9.1,5.604586232999999,5.93202018737793,6.209723472595215,6.139178276062012,6.199230194091797,6.14736795425415,6.380488872528076,6.1190505027771,6.299003601074219,6.238813877105713,6.2165913581848145,6.564449787139893
4,rNaV1.4,STX.N21.23,8.346787486,6.1453351974487305,8.563924789428711,8.52202033996582,8.32817554473877,8.188309669494629,8.861425399780273,8.704255104064941,8.413366317749023,8.588430404663086,8.48615837097168,8.671186447143555
4,rNaV1.4 E758D,STX,5.308299792,5.930013656616211,5.63533353805542,6.103672981262207,6.035097599029541,5.985081672668457,6.269229888916016,5.7867512702941895,6.052303314208984,5.911267280578613,5.981675624847412,5.966205596923828
4,rNaV1.4,GTX.5,7.045757491,5.908468246459961,6.7938103675842285,7.054529666900635,6.738624095916748,7.060743808746338,7.267488956451416,6.8463640213012695,7.34724760055542,6.946639537811279,7.35767126083374,7.3684611320495605
4,rNaV1.4 M1240T/D1241A,STX,6.2616158760000005,5.92155647277832,6.531675338745117,6.619662284851074,6.797387599945068,6.619569778442383,6.703066825866699,6.391007900238037,6.587406635284424,6.480739116668701,6.638114929199219,6.550711631774902
4,rNaV1.4 E758D,STX.C10.1,4.602059991,5.804722785949707,4.982176303863525,4.844404220581055,4.959980010986328,4.753301620483398,5.239582538604736,4.79353666305542,4.976588249206543,4.8486433029174805,4.9091901779174805,4.82719612121582
4,rNaV1.4,STX.C13.1,7.756961951,5.71796989440918,7.484019756317139,7.490481376647949,7.375647068023682,7.392473220825195,7.35758113861084,7.164644718170166,7.19267463684082,7.339730262756348,7.353102207183838,7.240337371826172
4,rNaV1.4 M1240T/D1241I,STX.C13.3,5.688882157,5.912932395935059,5.6255621910095215,5.787785530090332,5.517025947570801,5.556422233581543,6.446461200714111,5.552332878112793,5.858203411102295,5.6616902351379395,5.616270065307617,5.734218597412109
4,rNaV1.4 W756A,STX.N7.1,5.72399801,6.243168830871582,6.027323246002197,5.847362995147705,5.910346031188965,5.98013973236084,6.111383438110352,5.931204319000244,5.92496919631958,5.869485378265381,5.936281204223633,6.215080738067627
5,hNaV1.5,STX.N21.3,5.647817482000001,5.91202449798584,6.012856960296631,6.296686172485352,6.287954807281494,6.298864841461182,6.387864589691162,7.419010639190674,6.418914318084717,6.247478485107422,6.4809393882751465,5.882365703582764
5,rNaV1.4,GTX.2,7.958607315,5.8947343826293945,7.609062194824219,7.769282341003418,8.031648635864258,7.786025524139404,7.651709079742432,7.437556266784668,7.674244403839111,8.116281509399414,7.861963748931885,7.803891658782959
5,rNaV1.4,STX.N21.22,7.200659451,7.1503400802612305,7.230808734893799,7.188046932220459,7.135523796081543,7.185130596160889,7.255596160888672,7.02310848236084,7.339858531951904,7.173029899597168,7.204862594604492,7.176061153411865
5,rNaV1.4 Y401A,STX,6.310247304,5.718467712402344,6.471583843231201,6.523810863494873,6.466817378997803,6.230472564697266,6.264770984649658,6.545077323913574,5.482296943664551,6.34262752532959,6.345169544219971,6.129201412200928
5,rNaV1.2,STX.N21.17,6.530177984,6.022518157958984,6.63448429107666,6.542354106903076,6.566469192504883,6.540658473968506,6.557435989379883,7.520451545715332,6.561683177947998,6.531100273132324,6.56696891784668,6.532591342926025
5,rNaV1.7,STX.N21.17,6.617082865,6.168402671813965,6.568274021148682,6.62688684463501,6.5962982177734375,6.55609655380249,6.598426818847656,6.843814373016357,6.568642616271973,6.623971462249756,6.6189866065979,6.6075639724731445
5,rNaV1.4 E758D,STX.C13.2,4.602059991,5.7441911697387695,4.803659915924072,4.7375006675720215,4.710284233093262,4.7258124351501465,4.687050819396973,5.096893787384033,4.791250228881836,4.855010509490967,4.713656902313232,4.753688812255859
5,rNaV1.4 M1240V,STX.C13.2,7.903089987,6.883449554443359,6.974740982055664,7.180863380432129,6.858875274658203,7.024035453796387,7.157581806182861,6.357736110687256,6.715415954589844,6.887716293334961,6.969267845153809,6.608942985534668
5,rNaV1.4,STX.N21.38,6.576754126,5.77085018157959,6.748017311096191,6.524205684661865,6.6801252365112305,6.645514011383057,6.611940860748291,7.6833882331848145,6.714378356933594,6.666927814483643,6.673861503601074,6.778792858123779
5,rNaV1.4 D1241E,STX.C13.1,8.443697498999999,6.148777008056641,7.657098770141602,7.78907585144043,7.667620658874512,7.562596797943115,7.621889591217041,7.37148380279541,7.379179954528809,7.595249652862549,7.578030586242676,7.4566450119018555
5,rNaV1.4 M1240C,STX,8.54515514,5.8824968338012695,7.503553867340088,7.577329635620117,7.4349236488342285,7.236672401428223,7.401610374450684,6.935159683227539,6.958191394805908,7.134242057800293,7.477124214172363,7.046962738037109
5,rNaV1.4 M1240A/D1241A,STX.C13.3,5.715456477,5.728110313415527,5.045609474182129,5.079201698303223,4.86271333694458,4.7874674797058105,5.28783655166626,4.5778656005859375,5.084207534790039,4.991620063781738,5.066981315612793,4.897800445556641
5,hNaV1.5,STX.C13.2,5.641494089,5.923823356628418,6.149316310882568,5.831746578216553,6.000828266143799,5.7403411865234375,5.711191177368164,6.234961986541748,6.185093402862549,6.182653427124023,5.884705066680908,6.161529541015625
5,rNaV1.4 W1239A,STX.C10.1,4.68125861,6.337963104248047,4.931648254394531,4.720293045043945,4.615484237670898,4.8010945320129395,4.62629508972168,4.829742431640625,4.735631942749023,4.717660427093506,4.637102127075195,4.870064735412598
5,rNaV1.6,TTX.C4.1,8.408935393,5.736851692199707,7.951290130615234,8.465737342834473,8.233924865722656,8.252483367919922,8.24124813079834,6.010509490966797,8.197347640991211,8.238177299499512,8.189153671264648,8.226147651672363
5,rNaV1.4 Y401S,GTX.2,4.946921557,6.330516815185547,4.763713836669922,4.571982383728027,4.628441333770752,4.667503356933594,4.58934211730957,4.507607936859131,4.771831512451172,4.707738399505615,4.766636848449707,4.693860054016113
5,rNaV1.4 L1534A,STX.N21.2,8.638272164,5.918861389160156,8.731216430664062,8.789346694946289,8.747766494750977,8.688982009887695,8.783149719238281,8.587373733520508,8.415800094604492,8.638686180114746,8.300741195678711,8.453922271728516
5,rNaV1.4 M1240N,STX.C13.2,6.662540739,6.039928436279297,6.4907965660095215,6.157017230987549,6.446610450744629,6.343460559844971,6.379706382751465,6.301862716674805,6.301403045654297,6.413125514984131,6.500542163848877,6.631564140319824
5,rNaV1.4 L1534A,STX,8.657577319,5.897582054138184,8.142595291137695,8.168760299682617,7.938279628753662,7.81602144241333,8.111217498779297,7.920523166656494,7.685323238372803,7.910284996032715,7.639225959777832,7.609503746032715
5,rNaV1.4 E758D,STX.N7.1,4.602059991,6.319785118103027,4.833731174468994,4.7929582595825195,4.6477484703063965,4.672517776489258,4.635486602783203,4.61695671081543,4.7393598556518555,4.68398904800415,4.651026248931885,4.730679512023926
5,rNaV1.4 M1240I,STX.C13.1,7.41453927,5.904506683349609,7.313325881958008,7.1565704345703125,7.386962413787842,7.238631248474121,7.1980719566345215,7.187095642089844,7.022295951843262,7.22344970703125,7.339165687561035,7.00211763381958
5,rNaV1.4 E403D/M1240T/D1241I,STX.C10.1,4.187420845,5.929140090942383,4.6114501953125,4.811062812805176,4.905816078186035,4.763399124145508,4.801105976104736,5.177555084228516,4.678707599639893,4.868825435638428,4.798483371734619,5.05576229095459
5,rNaV1.4 E403D,STX.C13.2,5.4340931779999995,6.064583778381348,5.95157527923584,6.182140827178955,6.390809059143066,5.7893595695495605,6.060919761657715,7.008491039276123,6.581594944000244,6.270498752593994,6.1592535972595215,6.4466071128845215
5,rNaV1.4,STX.N21.37,6.9788107010000004,6.192706108093262,6.9111223220825195,6.9616875648498535,7.002800941467285,6.938570022583008,7.0786824226379395,6.432546615600586,6.953572750091553,6.981265544891357,6.850231647491455,6.9590020179748535
5,rNaV1.4 M1240T,GTX.3,6.9430951489999995,6.2252044677734375,6.603787899017334,6.530548095703125,6.415009498596191,6.768206596374512,6.365208148956299,5.904244422912598,6.263535022735596,6.357779502868652,6.397862911224365,6.191061496734619
6,rNaV1.4 M1240A,STX,7.688246138999999,6.0282087326049805,6.5576066970825195,6.564644813537598,6.7852463722229,6.597470283508301,6.580902099609375,6.2428059577941895,6.290293216705322,6.42031192779541,6.584106922149658,6.399287223815918
6,rNaV1.2,STX,9.22184875,6.218605995178223,7.654870510101318,7.125675678253174,6.923848628997803,6.796210289001465,6.853127956390381,7.226675510406494,5.445287227630615,6.907606601715088,6.702267169952393,6.477954387664795
6,rNaV1.4 M1240C,STX.N21.11,4.602059991,6.212649345397949,4.973053455352783,5.077550888061523,5.097153186798096,5.171280860900879,5.24177360534668,4.941882610321045,6.891005992889404,4.93051290512085,4.9550371170043945,4.9142842292785645
6,rNaV1.4,STX.N21.34,7.207608311,5.8788299560546875,7.231545448303223,7.297238826751709,7.172539710998535,7.26032018661499,7.268294811248779,7.325922012329102,6.7485198974609375,7.212241172790527,7.231219291687012,7.233071327209473
6,rNaV1.4 M1240T/D1241I,STX.C10.1.C13.2,6.201694718,6.371349334716797,5.8173136711120605,5.246308326721191,5.452511310577393,5.646683216094971,5.452364921569824,5.507876873016357,5.357433795928955,5.339024066925049,5.570199966430664,5.706139087677002
6,rNaV1.4 M1240T/D1241I,TTX,7.346787486,5.9069976806640625,7.529131889343262,8.09085464477539,8.065507888793945,8.13549518585205,8.147053718566895,8.056830406188965,8.325490951538086,8.049002647399902,8.305381774902344,8.003700256347656
6,rNaV1.4 M1240V,STX.C13.1,7.397940009,6.073901176452637,7.3038434982299805,7.357242584228516,7.382160663604736,7.364590167999268,7.444583892822266,7.267172336578369,6.7690558433532715,7.168587684631348,7.352077484130859,7.02384614944458
6,rNaV1.4,ZTX,11.51570016,6.425115585327148,11.498106002807617,10.860821723937988,11.18736457824707,11.083036422729492,11.019371032714844,10.940068244934082,8.459561347961426,10.978633880615234,11.308094024658203,11.183063507080078
6,rNaV1.4 E758D,STX.N9.1,4.602059991,5.918488502502441,4.739345550537109,4.967291355133057,5.0174946784973145,4.932978630065918,5.2337751388549805,4.867875099182129,5.542026042938232,5.000965118408203,5.013028144836426,5.341318607330322
6,rNaV1.4 E403D,STX.N7.1,4.602059991,6.174643516540527,5.2975969314575195,5.612404823303223,5.4013566970825195,5.240297317504883,5.34745979309082,5.43883752822876,6.758095741271973,5.490641117095947,5.505720138549805,5.634446144104004
6,rNaV1.4 1242C,STX,9.045757491,5.757554054260254,8.255090713500977,8.27396011352539,8.12038803100586,7.980971336364746,8.207666397094727,8.093476295471191,7.784472465515137,8.05746841430664,7.919893741607666,7.811140537261963
6,rNaV1.5,ZTX,9.301029996,6.030020713806152,9.557003021240234,9.585657119750977,9.509700775146484,9.610614776611328,9.654922485351562,9.754439353942871,8.167386054992676,9.57038402557373,9.506331443786621,9.422361373901367
6,rNaV1.4 M1240T,STX.N21.2,7.657577319,6.1467132568359375,7.561250686645508,7.524515628814697,7.6154608726501465,7.650660991668701,7.477059364318848,7.471958160400391,7.431840896606445,7.497115135192871,7.657439708709717,7.698119163513184
6,rNaV1.4 Y401A,STX.N7.1,4.602059991,5.72514533996582,4.784300804138184,5.087063789367676,5.008716583251953,4.956091403961182,5.048943519592285,4.924039840698242,5.661313533782959,5.064815521240234,4.868867874145508,5.233261585235596
6,rNaV1.4,STX.N21.4,7.886056647999999,5.58699893951416,7.996603488922119,7.949505805969238,7.911567687988281,7.879579544067383,7.937523365020752,7.948237419128418,8.371902465820312,7.964939594268799,7.897068500518799,7.930776119232178
6,rNaV1.4 D1241A,STX.C10.1,6.260427656,5.611912727355957,6.162832260131836,6.230166912078857,5.955682277679443,6.198388576507568,6.2495317459106445,6.1542158126831055,6.325959205627441,6.465392589569092,6.27359676361084,6.30635404586792
6,rNaV1.4 M1240A/D1241A,STX.C13.1,6.306273051,6.027338981628418,6.35183048248291,6.464004993438721,6.494715690612793,6.155395030975342,6.432826995849609,6.495325088500977,6.820267200469971,6.505005359649658,6.555135250091553,6.561681747436523
6,rNaV1.4 Y401A,STX.C10.1,5.68613278,6.115589141845703,4.786802768707275,4.804986953735352,4.738426685333252,4.788557052612305,4.804600715637207,4.766872882843018,4.674992561340332,4.952035903930664,4.7297773361206055,4.8831682205200195
6,rNaV1.4 M1240K,TTX,4.243387471,5.793320655822754,4.187158107757568,4.323672294616699,4.363855361938477,4.369026184082031,4.342471122741699,4.305242538452148,4.817215919494629,4.362219333648682,4.327952861785889,4.250214576721191
6,rNaV1.4,STX.N21.3,7.568636236000001,5.797568321228027,7.967388153076172,7.727262496948242,7.346208572387695,7.836491107940674,7.92135763168335,7.862199306488037,7.714505195617676,7.728149890899658,7.772429943084717,7.833470344543457
6,rNaV1.9,STX.N21.14,7.3372421679999995,5.80051326751709,7.463776588439941,7.406569957733154,7.38807487487793,7.381781101226807,7.426003932952881,7.391053676605225,6.360569000244141,7.4210615158081055,7.40062141418457,7.343024730682373
6,hNaV1.7 T1398M/I1399D,TTX,8.602059991,6.005209922790527,7.391867637634277,7.70636510848999,7.369779586791992,7.357328414916992,7.466268539428711,7.379487037658691,6.45150089263916,7.387251853942871,7.859123229980469,6.833078861236572
6,rNaV1.4 I757A,STX.N21.2,8.187086642999999,5.760763168334961,7.885424613952637,7.698611736297607,7.9333038330078125,7.713138103485107,7.848521709442139,7.91158390045166,7.98223876953125,7.843505859375,7.819418430328369,7.883196830749512
6,rNaV1.4,TTX,8.068033885,5.812107086181641,7.3461785316467285,7.662919998168945,7.328150749206543,7.308459758758545,7.438438415527344,7.315251350402832,6.437079429626465,7.350386619567871,7.802330493927002,6.810164451599121
6,rNaV1.4 E758D,STX.N21.2,5.420845442999999,5.729697227478027,5.776621341705322,5.870879173278809,5.8300089836120605,5.7144927978515625,5.808837890625,5.792591571807861,6.784444332122803,5.983903408050537,5.847930908203125,6.166068077087402
7,rNaV1.4 E403Q,STX,4.259567829,5.948520660400391,5.461355209350586,5.410421371459961,5.397831916809082,5.311428070068359,4.918923377990723,5.213806629180908,5.5686726570129395,5.6807861328125,5.284770965576172,5.448276519775391
7,rNaV1.2,STX.N21.15,8.301029996,5.866340637207031,8.38532543182373,8.205450057983398,8.21512222290039,8.322402954101562,8.266878128051758,8.212594032287598,8.179038047790527,7.6686787605285645,8.388277053833008,8.13283920288086
7,rNaV1.4,STX.N21.26,7.769551079,5.766486167907715,7.871349811553955,7.9431376457214355,7.5608744621276855,7.815581798553467,7.794565677642822,7.788565158843994,7.845310688018799,7.341760635375977,7.814598560333252,7.837509632110596
7,rNaV1.4 M1240T/D1241I,STX.N21.2,7.083546051,5.747529029846191,6.781476974487305,6.841273784637451,6.809596538543701,6.734945297241211,6.801297664642334,6.755066871643066,6.928520202636719,6.9109063148498535,6.727734565734863,7.035627841949463
7,rNaV1.4 I757A,STX.N9.1,5.741841807,6.076425552368164,5.4386186599731445,5.405759811401367,5.519119739532471,5.526299953460693,5.699502944946289,5.587737560272217,5.82564115524292,5.656736850738525,5.721543788909912,6.114500045776367
7,rNaV1.4 D1241I,STX.C13.2,7.1804560639999995,5.74601936340332,7.247520923614502,7.243371486663818,7.363321781158447,7.283505439758301,7.393957614898682,7.327263355255127,7.350873947143555,7.271193981170654,7.225343227386475,7.451473712921143
7,rNaV1.2,STX.N21.9,7.3372421679999995,5.857769966125488,7.390983581542969,7.359703063964844,7.451214790344238,7.401015281677246,7.400265216827393,7.4088239669799805,7.504521369934082,7.948394298553467,7.403334617614746,7.434846878051758
7,rNaV1.4 Y401S,STX.C10.1,4.1979107419999995,5.676875114440918,4.649886131286621,4.71345853805542,4.671510219573975,4.720186233520508,4.750058650970459,4.634135723114014,4.625190734863281,4.882339000701904,4.66353702545166,4.774507522583008
7,rNaV1.4 M1240S,STX.C13.2,6.640164518,5.856388092041016,7.1009016036987305,7.14056921005249,6.897010803222656,6.817448616027832,7.003340244293213,6.883794784545898,6.825533866882324,7.280450344085693,6.969958305358887,6.967471599578857
7,rNaV1.4 Y401S,GTX.3,4.76700389,6.108859062194824,4.647629737854004,4.738040924072266,4.845320701599121,4.778322219848633,4.768121242523193,4.645873069763184,4.895099639892578,5.118133068084717,4.823965072631836,5.155417442321777
7,rNaV1.4 1242C,STX.N21.3,8.022276395,5.639520645141602,8.026159286499023,7.980582237243652,7.909409046173096,7.942197322845459,8.006402969360352,7.983161926269531,7.958341121673584,7.583948612213135,7.894558429718018,7.958632946014404
7,rNaV1.4,GTX.3.1,6.024568191,5.776784896850586,6.660857200622559,6.9423675537109375,7.0761027336120605,6.7282795906066895,6.871715068817139,6.87132453918457,7.2816033363342285,8.11694622039795,6.729997634887695,7.00436544418335
7,rNaV1.4 L1534A,STX.N21.1,8.978810701,5.7419281005859375,8.41672420501709,8.629636764526367,8.391210556030273,8.502317428588867,8.467731475830078,8.509654998779297,8.246760368347168,8.045341491699219,8.60964584350586,8.303140640258789
7,rNaV1.4 D1241I,STX.C10.1,6.0280287239999994,5.768221855163574,6.579104423522949,6.706371784210205,6.5909647941589355,6.702743053436279,6.670279502868652,6.671432971954346,6.698272705078125,7.0163092613220215,6.704467296600342,6.677268028259277
7,rNaV1.4 D1241N,STX.C13.1,7.211124884,5.955880165100098,7.4145941734313965,7.617795467376709,7.493612289428711,7.527083396911621,7.4878129959106445,7.1982598304748535,7.318402290344238,7.454646587371826,7.559633731842041,7.406432151794434
7,rNaV1.4 W1239A,STX,6.024108864,5.833301544189453,5.7228522300720215,5.227704048156738,5.588390827178955,5.514608383178711,5.743490695953369,5.6402974128723145,5.5166497230529785,5.009490013122559,5.510182857513428,5.211721420288086
7,rNaV1.4,STX.N21.32,6.6989700039999995,6.016617774963379,6.598046779632568,6.624658584594727,6.609971523284912,6.594663143157959,6.683052062988281,6.621427059173584,6.70271635055542,6.82014799118042,6.9159111976623535,6.604206562042236
7,rNaV1.4 Y401A,STX.N21.2,6.33866066,5.679909706115723,6.672349452972412,6.517769813537598,6.751570701599121,6.494785308837891,6.502084732055664,6.730007648468018,6.975726127624512,7.105134010314941,6.620572090148926,6.783275127410889
7,rNaV1.4,STX.C13.4,8.515700161,5.6636857986450195,8.586288452148438,8.480487823486328,8.45094108581543,8.495298385620117,8.451385498046875,8.27507209777832,8.055963516235352,6.000156402587891,8.418704986572266,8.40156078338623
7,rNaV1.4 E403D,STX.N21.1,6.991399828,6.042293548583984,6.195967197418213,6.128419399261475,5.7648491859436035,5.971192836761475,5.77590799331665,6.220848083496094,5.962962627410889,5.601775169372559,6.283717632293701,5.964971542358398
7,rNaV1.4 M1240A/D1241A,STX.C13.2,5.697669071,6.235851287841797,6.324682712554932,6.180905342102051,6.083566188812256,6.113855838775635,6.159907341003418,5.980731964111328,6.14264440536499,6.513137340545654,6.144221305847168,6.224119186401367
7,rNaV1.4 M1240V,STX,8.782516056,6.326165199279785,7.594452381134033,7.608531475067139,7.728653907775879,7.362704277038574,7.60670804977417,7.393673896789551,7.331348896026611,7.356154918670654,7.522425174713135,7.287762641906738
7,rNaV1.2,STX.N21.8,6.790484985,6.029223442077637,6.694472789764404,6.642429351806641,6.596100807189941,6.54899263381958,6.56134033203125,6.542877197265625,6.695183753967285,6.427347660064697,6.621381759643555,6.571438789367676
7,rNaV1.4 L1534A,STX.C13.1,7.677780705,6.310421943664551,7.42326545715332,7.438202381134033,7.339715480804443,7.234391689300537,7.292892932891846,7.1735520362854,7.108485698699951,7.217859268188477,7.204720973968506,7.166068077087402
7,rNaV1.4 M1240T,STX,7.37675071,5.918249130249023,7.2848968505859375,7.3163065910339355,7.403689384460449,6.885483264923096,7.187816619873047,7.434333324432373,7.323751926422119,7.414876937866211,7.436740875244141,7.4982757568359375
8,rNaV1.4 L1534A,STX.N9.1,6.243744351,5.68515682220459,6.1764349937438965,6.052250862121582,6.136617660522461,5.915226936340332,6.2750244140625,6.140201091766357,6.162093162536621,6.190710067749023,6.020434856414795,6.4817585945129395
8,rNaV1.4 M1240T/D1241A,STX.N21.2,7.4749551929999996,5.759683609008789,7.469380855560303,7.634347915649414,7.6242756843566895,7.671643257141113,7.542358875274658,7.420365810394287,7.377363681793213,7.440052509307861,7.541527271270752,7.7977824211120605
8,rNaV1.4 D1241A,STX.N7.1,6.03550466,5.635615348815918,6.249640464782715,5.92264986038208,5.802779674530029,5.991546154022217,6.125827312469482,6.060555458068848,5.989625930786133,6.122932434082031,6.055770397186279,6.1653971672058105
8,rNaV1.4 M1240T,STX.C10.1,5.924088239,6.622049331665039,6.270098686218262,6.3339056968688965,6.162008762359619,6.093834400177002,6.308203220367432,6.18629789352417,6.239246368408203,6.1490654945373535,6.39649772644043,6.656216621398926
8,rNaV1.4 D1241E,STX,9.187086642999999,4.0279669761657715,8.276104927062988,8.476625442504883,8.051956176757812,8.15965461730957,8.339099884033203,8.298116683959961,7.76117467880249,8.153752326965332,7.392783164978027,7.6497297286987305
8,rNaV1.4,STX.C12.2,5.124938737,5.782182693481445,5.033810138702393,5.116559982299805,5.047483444213867,5.018322944641113,5.056646823883057,4.993076801300049,5.079348564147949,4.95302677154541,6.601480484008789,5.046719074249268
8,rNaV1.4 E403D,STX.C10.1,5.7020207560000005,5.674798011779785,6.163712024688721,6.679812431335449,6.089028835296631,6.161211967468262,6.023617744445801,6.220602512359619,6.227123737335205,6.159483432769775,7.1157050132751465,6.365474224090576
8,rNaV1.4,STX.C11.4.N21.31,4.66756154,5.8172712326049805,5.791812419891357,5.811235427856445,6.08021354675293,5.886248588562012,5.886198997497559,6.038331508636475,6.448591232299805,6.20850133895874,7.712210655212402,6.456044673919678
8,rNaV1.4 D1241I,STX.C13.1,7.397940009,5.813750267028809,7.5410261154174805,7.707459926605225,7.579720497131348,7.748349666595459,7.66309118270874,7.390896320343018,7.486299991607666,7.5262322425842285,7.607411861419678,7.50750207901001
8,rNaV1.4 I757A,STX.C13.1,6.884389487999999,6.22601318359375,6.948925495147705,6.527188301086426,7.038876056671143,6.589110374450684,6.501454830169678,6.726067543029785,6.917840003967285,6.7271342277526855,6.922992706298828,6.91837215423584
8,rNaV1.4 D1241N,STX,7.93930216,6.008183479309082,8.3018159866333,8.31285285949707,8.163764953613281,8.064586639404297,8.299562454223633,8.157123565673828,7.930983066558838,8.176459312438965,8.043268203735352,8.025547981262207
8,rNaV1.4 A1245C,STX,9.22184875,5.715822219848633,8.001080513000488,8.030702590942383,7.737557411193848,7.720860958099365,7.944202899932861,7.7537431716918945,7.519270896911621,7.74572229385376,7.462409973144531,7.4329352378845215
8,rNaV1.4 D1241I,STX.N21.2,8.610833916,5.795648574829102,7.5974249839782715,8.0940523147583,7.447317123413086,7.798314094543457,8.050403594970703,7.56553316116333,7.471926212310791,7.548367023468018,6.802505970001221,7.245527267456055
8,rNaV1.8,STX,5.263603498,5.97454833984375,5.687104225158691,5.049567222595215,5.321604251861572,5.384469032287598,5.377239227294922,5.286723613739014,5.282992362976074,5.4081573486328125,4.921118259429932,5.2402215003967285
8,rNaV1.4,STX.N21.7,7.045757491,5.892434120178223,7.004490852355957,6.903898239135742,6.870089054107666,6.868893623352051,6.817898750305176,6.822932720184326,6.841822624206543,6.917549133300781,5.724165439605713,6.796883583068848
8,rNaV1.4 M1240E,TTX,4.6818917760000005,6.068619728088379,4.567131042480469,4.41678524017334,4.4046430587768555,4.558684825897217,4.485030651092529,4.426370143890381,4.650019645690918,4.2394819259643555,4.672572135925293,4.284343719482422
8,rNaV1.4 W756A,STX.C13.2,6.263205245,6.530705451965332,6.703846454620361,6.750822067260742,6.842172145843506,6.845841407775879,6.85844612121582,6.784999847412109,6.877729415893555,6.78089714050293,6.985252857208252,6.710443496704102
8,rNaV1.4 E758Q,TTX,5.827484637,5.824112892150879,7.3353166580200195,7.5670390129089355,7.2830328941345215,7.306299686431885,7.423984050750732,7.271763801574707,6.378566741943359,7.308778285980225,7.787319183349609,6.777776718139648
8,rNaV1.4,STX.N21.1,9.022276395,5.825823783874512,8.596360206604004,8.540098190307617,8.639862060546875,8.487625122070312,8.570213317871094,8.49361515045166,8.266586303710938,8.479744911193848,8.0032377243042,8.2232666015625
8,rNaV1.4 M1240T/D1241I,STX.C13.1,6.760700521,5.721898078918457,6.73214864730835,6.782814025878906,6.949164867401123,6.988293170928955,6.9354166984558105,6.946888446807861,6.998112201690674,6.879610538482666,7.212965488433838,7.012341499328613
8,rNaV1.4,STX.C11.7,8.070581074,6.193629264831543,8.094998359680176,7.646468162536621,7.464686870574951,7.4738030433654785,7.692569732666016,7.475497245788574,7.381275177001953,7.6867594718933105,5.398334980010986,6.9832072257995605
8,rNaV1.4 K1252C,STX,9.0,5.744351387023926,8.250685691833496,8.421821594238281,8.099027633666992,7.9920244216918945,8.212504386901855,8.090278625488281,7.880449295043945,8.039584159851074,7.840368270874023,7.7501702308654785
8,rNaV1.4 M1240T,TTX,6.632644078999999,5.765138626098633,7.001174449920654,7.09689474105835,7.021874904632568,6.911290645599365,6.974221229553223,6.867787837982178,7.210201740264893,7.069497108459473,7.42266845703125,7.025873184204102
8,rNaV1.2,STX.C13.2,7.795880017000001,5.595823287963867,6.971812725067139,6.421042442321777,6.373483180999756,6.378158092498779,6.3917741775512695,6.534532070159912,6.012541770935059,6.373116493225098,4.976716041564941,6.619103908538818
8,rNaV1.4,STX.N21.28,7.3372421679999995,5.667628288269043,7.057126998901367,7.142280578613281,7.125207901000977,7.1218342781066895,7.113877773284912,7.1734724044799805,7.1844258308410645,7.22463846206665,4.948038578033447,7.092279434204102
9,rNaV1.4 Y401A,STX.C13.2,5.128981961,5.88601016998291,5.847655296325684,6.010404586791992,5.985179424285889,5.86122465133667,5.981637954711914,6.034926891326904,5.888374328613281,5.883523464202881,4.943906784057617,6.469851970672607
9,rNaV1.4 M1240T/D1241I,STX.C10.1,4.986046851,5.750835418701172,6.128620624542236,6.146493911743164,6.068922996520996,6.0083088874816895,6.1367573738098145,6.140371799468994,6.302667140960693,6.079522609710693,6.365710258483887,6.7767157554626465
9,hNaV1.5,STX,6.89279003,5.966974258422852,5.876936435699463,5.817970275878906,6.047734260559082,5.748195171356201,5.6594672203063965,5.73057746887207,5.273342609405518,5.641585350036621,5.771054744720459,5.401928424835205
9,rNaV1.4 Y401A,STX.N9.1,4.602059991,5.919681549072266,5.217609882354736,5.531222820281982,5.379673004150391,5.324573516845703,5.439566612243652,5.477622032165527,4.887057304382324,5.364590644836426,5.46088171005249,5.518050670623779
9,rNaV1.2,STX.N21.14,7.721246399,5.892309188842773,7.81270694732666,7.813106060028076,7.800131320953369,7.859673023223877,8.001489639282227,7.6462788581848145,7.764442443847656,7.766559600830078,7.8530964851379395,7.574504852294922
9,rNaV1.4,STX.C13.3,6.772113295,6.047917366027832,6.0431036949157715,6.645584583282471,6.720697402954102,6.760774612426758,6.730186939239502,6.685544967651367,6.611626148223877,6.753012180328369,6.678324222564697,5.987698554992676
9,rNaV1.4,STX.C11.6,8.259637311,5.872791290283203,8.379525184631348,8.31028938293457,8.30854606628418,8.197389602661133,8.299229621887207,8.252853393554688,8.035829544067383,8.343961715698242,8.214688301086426,7.934441566467285
9,rNaV1.4 D1241I,TTX,8.361510743,6.176182746887207,7.687926769256592,7.968896389007568,7.650848865509033,7.873689651489258,8.0205659866333,7.630008697509766,6.803976535797119,7.684906482696533,8.118390083312988,6.9936842918396
9,rNaV1.4 W756A,STX.N9.1,4.602059991,5.685142517089844,5.314673900604248,5.772336483001709,5.857166290283203,5.836272239685059,5.929881572723389,5.695202350616455,6.19550895690918,5.853883266448975,6.1070637702941895,6.788529396057129
9,hNaV1.7,TTX,8.031517051,5.854442596435547,7.605340480804443,8.061786651611328,7.898468017578125,7.865312099456787,7.98345422744751,7.969738006591797,8.203322410583496,7.946288585662842,8.090885162353516,7.857753276824951
9,rNaV1.4 M1240A,STX.N7.1,5.377682339,5.602635383605957,5.168490409851074,5.2481255531311035,5.111919403076172,5.262011528015137,5.3661885261535645,4.969958782196045,5.274815559387207,5.1821370124816895,5.1260786056518555,5.313188552856445
9,rNaV1.4 M1240C,STX.N21.9,6.8728952020000005,5.817821502685547,6.8369669914245605,6.774035930633545,6.787047386169434,6.743043422698975,6.770921230316162,6.747155666351318,6.845503807067871,6.754373073577881,6.873178005218506,6.7238593101501465
9,rNaV1.2,STX.N21.3,7.721246399,5.71745491027832,7.438558101654053,7.2280120849609375,7.176578044891357,7.064071178436279,7.085801601409912,7.74590539932251,7.085963726043701,7.1884846687316895,7.177382469177246,6.409404277801514
9,rNaV1.4 D1241A,STX.C13.1,7.292429824,5.674644470214844,7.476932525634766,7.572885990142822,7.386135578155518,7.417176723480225,7.384405136108398,7.184672832489014,7.246720314025879,7.370285511016846,7.396315574645996,7.294221878051758
9,rNaV1.4 W756A,STX.C10.1,6.282329497,5.858449935913086,6.266841411590576,6.2498955726623535,6.243217945098877,6.177587985992432,6.2286176681518555,6.144917964935303,6.10907506942749,6.135416507720947,6.229856014251709,5.621075630187988
9,rNaV1.4 D1241A,STX,7.93930216,5.747968673706055,7.884538173675537,7.9538092613220215,7.726293087005615,7.7001261711120605,7.912942409515381,7.729074478149414,7.50656270980835,7.710795879364014,7.5040788650512695,7.424844741821289
9,rNaV1.4 Y401S,STX.C11.6,4.289882635,6.194540023803711,4.259041786193848,4.651671409606934,4.766851425170898,4.667924404144287,4.693696975708008,4.551449298858643,4.782740592956543,4.789088726043701,4.672706604003906,5.023433685302734
9,rNaV1.4 W1239A,STX.N7.1,4.602059991,6.368167877197266,5.024507999420166,5.189496994018555,5.284660339355469,5.159482002258301,5.152544975280762,5.13406229019165,5.349705696105957,5.28214168548584,5.089496612548828,6.5148091316223145
9,rNaV1.4 M1240T/D1241I,STX,6.272458743,6.206957817077637,7.466518878936768,7.25596809387207,7.425987720489502,7.103729248046875,7.20711612701416,7.323851108551025,7.483529567718506,7.321684837341309,7.20736837387085,7.74144172668457
9,rNaV1.4 T759C,STX,8.809668302,6.164812088012695,8.049112319946289,8.077655792236328,7.872369289398193,7.7876296043396,8.035009384155273,7.778538703918457,7.588161945343018,7.761725425720215,7.534463405609131,7.425876617431641
9,rNaV1.4 M1240T/D1241I,STX.C13.2,7.886056647999999,6.179880142211914,7.663153648376465,7.518716335296631,7.829951763153076,7.402970790863037,7.752154350280762,7.585892200469971,7.6553053855896,7.690526485443115,7.517161846160889,7.846261501312256
9,rNaV1.4 M1240C,STX.N21.3,7.3372421679999995,5.7064008712768555,7.639506816864014,7.823877811431885,7.883015155792236,7.820407867431641,7.8377180099487305,7.683926582336426,7.562563419342041,7.6541643142700195,7.570197105407715,8.805061340332031
9,rNaV1.4,STX.C13.2,7.381951902999999,6.060384750366211,7.485702991485596,7.631161689758301,7.329694747924805,7.684481143951416,7.693534851074219,7.534513473510742,7.220950126647949,7.479305267333984,7.341960430145264,6.879720211029053
9,rNaV1.4 I757A,STX.N7.1,5.76700389,5.746679306030273,5.834064483642578,5.832339286804199,5.912333011627197,5.936960697174072,5.99717903137207,5.896640300750732,5.968376636505127,5.876615047454834,5.921330451965332,6.219981670379639
9,rNaV1.4 E755A,TTX,4.261040372,5.77180290222168,4.09932279586792,4.243480205535889,4.2307515144348145,4.31397819519043,4.187924385070801,4.137195110321045,4.198457717895508,4.199551105499268,4.16778564453125,4.455739974975586
9,rNaV1.4 M1240I,STX.C13.2,8.337242168,5.716031074523926,7.49442720413208,7.6948089599609375,7.574489116668701,7.555608749389648,7.774250030517578,7.411255359649658,7.359428405761719,7.477854251861572,7.635030746459961,6.9981536865234375
